order,trend,mae,rmse,mape
"(1, 0, 0)",ct,1.4617368877963788,1.647496572723605,9.73608934717224
